<beans xmlns="http://www.springframework.org/schema/beans"
       xmlns:context="http://www.springframework.org/schema/context"
       xmlns:mvc="http://www.springframework.org/schema/mvc"
       xmlns:xsi="http://www.w3.org/2001/XMLSchema-instance"
       xsi:schemaLocation="
 http://www.springframework.org/schema/beans
 http://www.springframework.org/schema/beans/spring-beans.xsd
 http://www.springframework.org/schema/context
 http://www.springframework.org/schema/context/spring-context.xsd
 http://www.springframework.org/schema/mvc
 http://www.springframework.org/schema/mvc/spring-mvc.xsd">
    <context:component-scan base-package="com.uef"/>

    <!--Enable the use of annotations such as @RequestMapping -->
    <mvc:annotation-driven/>
    <mvc:resources mapping="//**" location="//" />
    <mvc:resources mapping="/resources/**" location="/resources/" />

    <mvc:annotation-driven />
    <!-- Configure the view resolver -->
    <bean class="org.springframework.web.servlet.view.InternalResourceViewResolver">
        <property name="prefix" value="/WEB-INF/views/"/>
        <property name="suffix" value=".jsp"/>
    </bean>
    <!-- SQL Server DataSource -->
    <bean id="dataSource"
          class="org.springframework.jdbc.datasource.DriverManagerDataSource">
        <property name="driverClassName"
                  value="com.microsoft.sqlserver.jdbc.SQLServerDriver" />
        <property name="url"
                  value="jdbc:sqlserver://localhost:1433;databaseName=YourDB;encrypt=false " />
        <property name="username" value="sa" />
        <property name="password" value="123456" />
    </bean>
    <!-- JdbcTemplate Bean -->
    <bean id="jdbcTemplate" class="org.springframework.jdbc.core.JdbcTemplate">
        <property name="dataSource" ref="dataSource"/>
    </bean>
</beans>